{"cameraMode":{"drawMode":0,"name":"Shaded","section":"Shading Mode"},"sceneLighting":true,"audioPlay":false,"sceneViewState":{"m_AlwaysRefresh":false,"showFog":true,"showSkybox":true,"showFlares":true,"showImageEffects":true,"showParticleSystems":true,"showVisualEffectGraphs":true,"m_FxEnabled":true},"in2DMode":false,"pivot":{"x":20.658458709716798,"y":-8.415899276733399,"z":9.847088813781739},"rotation":{"x":0.35203588008880618,"y":0.04999302327632904,"z":-0.01880713924765587,"w":0.9343785643577576},"size":8.291918754577637,"orthographic":false}